User Input,Chatbot Response,Timestamp
hello,Hi there,2024-09-10 01:21:51
how are you ,My purpose is to assist you,2024-09-10 01:21:57
weather ,"I'm sorry, I cannot provide real-time weather information.",2024-09-10 01:22:20
How do I create a budget,"To make a budget, start by tracking your income and expenses. Then, allocate your income towards essential expenses like rent, food, and bills. Next, allocate some of your income towards savings and debt repayment. Finally, allocate the remainder of your income towards discretionary expenses like entertainment and hobbies.",2024-09-10 01:22:30
Today is a nice weather,"I'm sorry, I cannot provide real-time weather information.",2024-10-03 08:29:52
How's the weather today,"I'm sorry, I cannot provide real-time weather information.",2024-10-03 08:30:47
Hi,Hello,2024-10-03 08:30:56
Discovering timeless relics,"Timeless relics are ancient artifacts and objects that hold historical and cultural significance, preserving the stories of our ancestors.",2024-12-11 18:37:00
Tell me about reducing plastic waste,"Reducing plastic waste can be achieved by using reusable water bottles, shopping bags, and containers.",2024-12-20 20:43:18
Tell me about reducing plastic waste,Recycling plastic reduces the amount of plastic pollution and conserves natural resources.,2024-12-20 20:43:37
Where is a good place to travel,"Traveling allows you to experience different cultures, try new cuisines, and create lasting memories.",2024-12-20 20:47:19
Where is a good place to travel,"Traveling allows you to experience different cultures, try new cuisines, and create lasting memories.",2024-12-20 20:47:25
Tell me about personal growth,"Embrace challenges as opportunities for growth, and focus on becoming the best version of yourself.",2024-12-20 20:53:17
